-- phpMyAdmin SQL Dump
-- version 5.2.1
-- https://www.phpmyadmin.net/
--
-- Hôte : 127.0.0.1
-- Généré le : mer. 15 oct. 2025 à 21:01
-- Version du serveur : 10.4.32-MariaDB
-- Version de PHP : 8.2.12

SET SQL_MODE = "NO_AUTO_VALUE_ON_ZERO";
START TRANSACTION;
SET time_zone = "+00:00";


/*!40101 SET @OLD_CHARACTER_SET_CLIENT=@@CHARACTER_SET_CLIENT */;
/*!40101 SET @OLD_CHARACTER_SET_RESULTS=@@CHARACTER_SET_RESULTS */;
/*!40101 SET @OLD_COLLATION_CONNECTION=@@COLLATION_CONNECTION */;
/*!40101 SET NAMES utf8mb4 */;

--
-- Base de données : `appresto`
--

-- --------------------------------------------------------

--
-- Structure de la table `commande`
--

CREATE TABLE `commande` (
  `idCommande` int(11) NOT NULL,
  `dateCommande` datetime NOT NULL,
  `totalCommande` decimal(15,2) NOT NULL,
  `typeCommande` varchar(50) NOT NULL,
  `idEtat` int(11) NOT NULL,
  `idUtilisateur` int(11) NOT NULL
) ENGINE=InnoDB DEFAULT CHARSET=utf8 COLLATE=utf8_general_ci;

-- --------------------------------------------------------

--
-- Structure de la table `etat`
--

CREATE TABLE `etat` (
  `idEtat` int(11) NOT NULL,
  `libEtat` varchar(50) NOT NULL
) ENGINE=InnoDB DEFAULT CHARSET=utf8 COLLATE=utf8_general_ci;

INSERT INTO `etat` (`idEtat`, `libEtat`) VALUES
(1, 'Commandé '),
(2, 'Commencé');

-- --------------------------------------------------------

--
-- Structure de la table `ligne_commande`
--

CREATE TABLE `ligne_commande` (
  `idCommande` int(11) NOT NULL,
  `idProduit` int(11) NOT NULL,
  `qteCommandee` int(11) DEFAULT NULL,
  `prixHtLigneCommande` varchar(50) DEFAULT NULL
) ENGINE=InnoDB DEFAULT CHARSET=utf8 COLLATE=utf8_general_ci;

-- --------------------------------------------------------

--
-- Structure de la table `produit`
--

CREATE TABLE `produit` (
  `idProduit` int(11) NOT NULL,
  `libProduit` varchar(50) NOT NULL,
  `descriptionProduit` text DEFAULT NULL,
  `prixHtProduit` decimal(15,2) NOT NULL,
  `idType` int(11) NOT NULL
) ENGINE=InnoDB DEFAULT CHARSET=utf8 COLLATE=utf8_general_ci;

--
-- Déchargement des données de la table `produit`
--

INSERT INTO `produit` (`idProduit`, `libProduit`, `descriptionProduit`, `prixHtProduit`, `idType`) VALUES
(1, 'Carpaccio de Saint-Jacques', 'Fines tranches de Saint-Jacques marinées aux agrumes et caviar', 24.50, 1),
(2, 'Foie Gras Poêlé', 'Foie gras de canard poêlé, chutney de figues et brioche toastée', 26.00, 1),
(3, 'Tartare de Bar Royal', 'Tartare de bar sauvage, huile d’olive millésimée et citron vert', 23.00, 1),
(4, 'Caviar Impérial', 'Caviar d’esturgeon servi avec blinis maison et crème aigre', 48.00, 1),
(5, 'Velouté de Topinambour', 'Crème de topinambour, éclats de châtaigne et truffe noire', 21.00, 1),
(6, 'Homard Bleu Rôti', 'Homard breton rôti au beurre clarifié, émulsion citronnée', 58.00, 2),
(7, 'Filet de Bœuf Rossini', 'Filet de bœuf maturé, foie gras, sauce périgourdine', 52.00, 2),
(8, 'Risotto à la Truffe Noire', 'Riz Carnaroli crémeux, truffe noire fraîche', 45.00, 2),
(9, 'Saint-Pierre au Champagne', 'Saint-Pierre poché avec sauce champagne et asperges blanches', 49.00, 2),
(10, 'Pigeon Royal', 'Pigeon fermier rôti, jus corsé et légumes anciens', 47.00, 2),
(11, 'Soufflé au Grand Marnier', 'Soufflé aérien au Grand Marnier, zeste confit', 18.00, 3),
(12, 'Dôme Chocolat & Or', 'Mousse chocolat grand cru, feuille d’or comestible', 22.00, 3),
(13, 'Tartelette Citron Yuzu', 'Crème de citron yuzu, meringue légère', 17.00, 3),
(14, 'Millefeuille Vanille Bourbon', 'Feuilletage croustillant et vanille Bourbon', 19.00, 3),
(15, 'Assiette de Fruits Exotiques', 'Mangue, fruit du dragon, passion et sorbet', 18.50, 3),
(16, 'Champagne Brut Prestige', 'Flûte de champagne brut grand cru', 19.00, 4),
(17, 'Chardonnay Millésimé', 'Verre de chardonnay français haut de gamme', 14.00, 4),
(18, 'Cocktail Signature Maison', 'Création du chef barman, ingrédients premium', 16.00, 4),
(19, 'Eau Minérale Artésienne', 'Eau plate naturelle premium', 6.00, 4),
(20, 'Thé Sencha Impérial', 'Thé vert japonais de haute qualité', 8.50, 4),
(21, 'Brie de Meaux Truffé', 'Brie crémeux garni de truffe noire', 15.00, 5),
(22, 'Comté 36 Mois', 'Comté affiné 36 mois, noix et raisins secs', 14.50, 5),
(23, 'Roquefort Carles', 'Roquefort artisanal au lait cru', 13.50, 5),
(24, 'Chèvre Cendré Fermier', 'Fromage de chèvre fermier affiné', 12.00, 5),
(25, 'Assiette de Fromages Affinés', 'Sélection de 4 fromages d’exception', 19.00, 5),
(26, 'Purée de Pomme de Terre Truffée', 'Purée onctueuse à la truffe fraîche', 11.00, 6),
(27, 'Légumes Anciens Rôtis', 'Carottes, panais et betteraves glacés', 10.00, 6),
(28, 'Gratin Dauphinois Premium', 'Crème entière, ail et muscade', 12.00, 6),
(29, 'Asperges Vertes Sautées', 'Asperges poêlées au beurre noisette', 13.00, 6),
(30, 'Risotto Parfumé aux Herbes', 'Risotto crémeux aux herbes fraîches', 14.00, 6);

-- --------------------------------------------------------

--
-- Structure de la table `type`
--

CREATE TABLE `type` (
  `idType` int(11) NOT NULL,
  `libType` varchar(50) DEFAULT NULL
) ENGINE=InnoDB DEFAULT CHARSET=utf8 COLLATE=utf8_general_ci;

--
-- Déchargement des données de la table `type`
--

INSERT INTO `type` (`idType`, `libType`) VALUES
(1, 'Entrée'),
(2, 'Plat Principal'),
(3, 'Dessert'),
(4, 'Boisson'),
(5, 'Fromage'),
(6, 'Accompagnement');

-- --------------------------------------------------------

--
-- Structure de la table `utilisateur`
--

CREATE TABLE `utilisateur` (
  `idUtilisateur` int(11) NOT NULL,
  `loginUtilisateur` varchar(50) NOT NULL,
  `emailUtilisateur` varchar(50) NOT NULL,
  `mdpUtilisateur` text DEFAULT NULL,
  `nomUtil` varchar(50) NOT NULL,
  `prenomUtil` varchar(50) NOT NULL
) ENGINE=InnoDB DEFAULT CHARSET=utf8 COLLATE=utf8_general_ci;

--
-- Déchargement des données de la table `utilisateur`
--

INSERT INTO `utilisateur` (`idUtilisateur`, `loginUtilisateur`, `emailUtilisateur`, `mdpUtilisateur`, `nomUtil`, `prenomUtil`) VALUES
(1, 'test@gmail.com', 'test@gmail.com', '$2y$10$IkTVzJoAVJz.jE1QfySGEe6uqmPELs/vkYeEeGxPTecVboSYUk64m', '', 'test'),
(2, 'test1@gmail.com', 'test1@gmail.com', '$2y$10$sHdFkjSlWhQhkTDTAAOkPOE7E/rP9iiJgIhT9nklXZjXLJVx5x.Im', '', 'test1');

--
-- Index pour les tables déchargées
--

--
-- Index pour la table `commande`
--
ALTER TABLE `commande`
  ADD PRIMARY KEY (`idCommande`),
  ADD KEY `idEtat` (`idEtat`),
  ADD KEY `idUtilisateur` (`idUtilisateur`);

--
-- Index pour la table `etat`
--
ALTER TABLE `etat`
  ADD PRIMARY KEY (`idEtat`);

--
-- Index pour la table `ligne_commande`
--
ALTER TABLE `ligne_commande`
  ADD PRIMARY KEY (`idCommande`,`idProduit`),
  ADD KEY `idProduit` (`idProduit`);

--
-- Index pour la table `produit`
--
ALTER TABLE `produit`
  ADD PRIMARY KEY (`idProduit`),
  ADD KEY `idType` (`idType`);

--
-- Index pour la table `type`
--
ALTER TABLE `type`
  ADD PRIMARY KEY (`idType`);

--
-- Index pour la table `utilisateur`
--
ALTER TABLE `utilisateur`
  ADD PRIMARY KEY (`idUtilisateur`),
  ADD UNIQUE KEY `emailUtilisateur` (`emailUtilisateur`);

--
-- AUTO_INCREMENT pour les tables déchargées
--

--
-- AUTO_INCREMENT pour la table `commande`
--
ALTER TABLE `commande`
  MODIFY `idCommande` int(11) NOT NULL AUTO_INCREMENT;

--
-- AUTO_INCREMENT pour la table `etat`
--
ALTER TABLE `etat`
  MODIFY `idEtat` int(11) NOT NULL AUTO_INCREMENT;

--
-- AUTO_INCREMENT pour la table `produit`
--
ALTER TABLE `produit`
  MODIFY `idProduit` int(11) NOT NULL AUTO_INCREMENT, AUTO_INCREMENT=31;

--
-- AUTO_INCREMENT pour la table `utilisateur`
--
ALTER TABLE `utilisateur`
  MODIFY `idUtilisateur` int(11) NOT NULL AUTO_INCREMENT, AUTO_INCREMENT=3;

--
-- Contraintes pour les tables déchargées
--

--
-- Contraintes pour la table `commande`
--
ALTER TABLE `commande`
  ADD CONSTRAINT `commande_ibfk_1` FOREIGN KEY (`idEtat`) REFERENCES `etat` (`idEtat`),
  ADD CONSTRAINT `commande_ibfk_2` FOREIGN KEY (`idUtilisateur`) REFERENCES `utilisateur` (`idUtilisateur`);

--
-- Contraintes pour la table `ligne_commande`
--
ALTER TABLE `ligne_commande`
  ADD CONSTRAINT `ligne_commande_ibfk_1` FOREIGN KEY (`idCommande`) REFERENCES `commande` (`idCommande`),
  ADD CONSTRAINT `ligne_commande_ibfk_2` FOREIGN KEY (`idProduit`) REFERENCES `produit` (`idProduit`);

--
-- Contraintes pour la table `produit`
--
ALTER TABLE `produit`
  ADD CONSTRAINT `produit_ibfk_1` FOREIGN KEY (`idType`) REFERENCES `type` (`idType`);
COMMIT;

/*!40101 SET CHARACTER_SET_CLIENT=@OLD_CHARACTER_SET_CLIENT */;
/*!40101 SET CHARACTER_SET_RESULTS=@OLD_CHARACTER_SET_RESULTS */;
/*!40101 SET COLLATION_CONNECTION=@OLD_COLLATION_CONNECTION */;


DELIMITER |
CREATE OR REPLACE TRIGGER calc_prix_ttc_on_insert_here BEFORE INSERT 
ON commande FOR EACH ROW
BEGIN
	SET NEW.totalCommande = NEW.totalCommande + (NEW.totalCommande * 0.20);
END |
DELIMITER ;
